time,command,action,left_distance_cm,right_distance_cm,touch,imu_roll,imu_pitch,imu_accel_x,imu_accel_y,imu_accel_z
2026-10-03 17:14:17,,Ready,-1,-1,0,0.0,0.0,-1.154,-0.529,10.795
2026-10-03 17:14:27,,EMERGENCY STOP - All motions stopped,184.6,183.8,1,-0.0014,-0.0169,-1.161,-0.529,10.74
2026-10-03 17:14:37,,EMERGENCY STOP - All motions stopped,187.5,183.8,1,-0.001,-0.0168,-1.13,-0.484,10.666
2026-10-03 17:14:47,,EMERGENCY STOP - All motions stopped,185.0,185.8,1,-0.0003,-0.0108,-0.548,-0.381,10.874
2026-10-03 17:14:57,,EMERGENCY STOP - All motions stopped,184.4,185.8,1,0.0,-0.0109,-0.524,-0.306,10.805
2026-10-03 17:15:07,,EMERGENCY STOP - All motions stopped,183.5,185.8,1,0.0003,-0.0103,-0.603,-0.395,10.786
2026-10-03 17:15:17,,EMERGENCY STOP - All motions stopped,184.3,186.1,1,0.0003,-0.0108,-0.594,-0.388,11.061
2026-10-03 17:15:27,,EMERGENCY STOP - All motions stopped,184.6,187.1,1,0.0004,-0.0106,-0.548,-0.409,10.834
2026-10-03 17:15:37,,Sitting completed - Pawing activated,52.0,191.6,1,-0.0282,-0.0119,-0.611,-3.304,10.221
2026-10-03 17:15:47,,Right paw raised to -0.8,51.5,188.2,1,-0.0259,-0.009,-0.275,-3.024,10.403
2026-10-03 17:15:57,,Right paw raised to -0.8,169.6,162.0,1,-0.0263,-0.008,-0.18,-3.081,10.436
2026-10-03 17:16:07,,Paws lowered,191.4,210.7,1,0.0055,-0.0134,-0.788,0.182,10.712
2026-10-03 17:16:17,,Paws lowered,191.3,210.7,1,0.0051,-0.0135,-0.757,0.124,10.829
